{"_timestamp":1.778680902853659e+09,"step/mi_absrel":2.069540023803711,"_runtime":58,"_step":101,"step/mi_rmse":3.951688051223755,"Data/Full_Comparison_Table":{"path":"media/table/Data/Full_Comparison_Table_101_f5fc5f1822ac08654690.table.json","ncols":11,"artifact_path":"wandb-client-artifact://34gicskromkgyvokaiupxbwvbvmi20vq1bzxx5jtwsxg0ducn3k09f9vknbqfy36lc7v2y18i0dvi0uxjy8tv1sjq473lr6is64lmj8p50gekg2amkp03azx80zaw99k/Data/Full_Comparison_Table.table.json","_type":"table-file","size":24921,"nrows":101,"sha256":"f5fc5f1822ac0865469082797a06182da375f213797a3013c07e9036c7f9f4ec","log_mode":"IMMUTABLE","_latest_artifact_path":"wandb-client-artifact://wc043pugelhbwlji17zz3b53mbbgg078zx0c4v3sh35bd76wi37g8lzoqx0vun2quebv4ujy39631ak4b4q8aonp0za2r5aaxel7rduduqbpldfj7knn3fo374k1w9r0:latest/Data/Full_Comparison_Table.table.json"},"step/mi_sqrel":12.480734825134277,"step/mi_d1":0.06301687065828647,"step/da_rmse":1.5127103328704834,"_wandb":{"runtime":58},"step/da_absrel":0.8204530477523804,"step/da_d1":0.08518028448561032,"step/da_sqrel":1.8311876058578491}